19,0,0,0,0,0,0,0,0,0,0,0,0,0,0,0,0,0,0,0,0,0,0,0,0,0,0,0,0,0,0,0,0,0,0,0,0,0,0,0,0,0,0,0,0,0,0,0,0,0,0,0,0,0,0,0,0,0,0,0,0,0,0,0,0,0,0,0,0,0,0,0,0,0,0,0,0,0,0,0,0,0,0,0,0,0,0,0,0,0,0,0,0,0,0,0,0,0,0,0,0,0,0,0,0,0,0,0,0,0,0,0,0,0,0,0,0,0,0,0,0,0,0,0,0,0,0,0,0,0,0,0,0,0,0,32,111,32,0,0,0,0,0,0,0,0,0,0,0,0,0,0,0,0,0,0,0,0,0,0,0,0,8,126,241,126,8,0,0,0,0,0,0,0,0,0,0,0,0,2,4,4,2,0,0,0,0,0,0,0,32,204,254,204,32,0,0,0,0,0,0,0,0,0,0,0,1,77,125,125,77,1,0,0,0,0,0,0,37,217,254,217,37,0,0,0,0,0,0,0,0,0,0,32,127,246,254,254,246,79,3,0,0,0,0,0,37,217,255,234,82,2,0,0,0,0,0,0,0,0,22,131,242,236,218,223,249,170,21,0,0,0,0,0,32,204,254,249,125,4,0,0,0,0,0,0,0,0,122,232,252,132,41,69,223,215,37,0,0,0,0,0,13,152,251,250,127,4,0,0,0,0,0,0,0,9,208,253,221,33,1,37,217,217,37,0,0,0,0,0,16,157,251,250,127,4,0,0,0,0,0,0,7,95,251,232,83,0,0,37,215,233,82,2,0,0,0,0,0,34,177,250,127,4,0,0,0,0,0,0,46,207,247,159,22,0,0,21,172,249,125,4,0,0,0,0,0,5,129,250,127,4,0,0,0,0,0,6,116,245,220,52,1,0,0,5,129,250,129,5,0,0,0,0,0,5,129,249,125,4,0,0,0,0,3,67,189,252,159,20,0,0,0,4,125,252,172,21,0,0,0,0,0,22,173,233,82,2,0,0,0,0,79,220,253,220,22,0,0,0,0,0,51,250,217,37,0,0,0,0,20,159,247,170,21,0,0,0,0,2,170,251,244,127,1,0,0,0,0,0,37,249,222,51,0,0,0,0,50,220,247,79,3,0,0,0,0,11,220,251,175,34,0,0,0,0,0,0,21,233,245,116,0,0,0,3,128,246,220,11,0,0,0,0,2,77,247,232,83,3,0,0,0,0,0,0,4,204,251,177,9,0,3,67,222,251,172,2,0,0,0,0,4,127,250,140,9,0,0,0,0,0,0,0,0,83,232,253,177,129,141,222,252,187,66,0,0,0,0,0,4,114,244,114,4,0,0,0,0,0,0,0,0,22,154,221,251,250,251,252,206,79,4,0,0,0,0,0,0,45,186,45,0,0,0,0,0,0,0,0,0,1,20,63,214,233,244,207,47,7,0,0,0,0,0,0,0,5,31,5,0,0,0,0,0,0,0,0,0,0,0,5,38,82,112,46,1,0,0,0,0,0,0,0,0,0,0,0,0,0,0,0,0,0,0,0,0,0,0,0,0,0,0,0,0,0,0,0,0,0,0,0,0,0,0,0,0,0,0,0,0,0,0,0,0,0,0,0,0,0,0,0,0,0,0,0,0,0,0,0,0,0,0,0,0,0,0,0,0,0,0,0,0,0,0,0,0,0,0,0,0,0,0,0,0,0,0,0,0,0,0,0,0,0,0,0,0,0,0,0,0,0,0,0,0,0,0,0,0,0,0,0,0,0,0
19,0,0,0,0,0,0,0,0,0,0,0,0,0,0,0,0,0,0,0,0,0,0,0,0,0,0,0,0,0,0,0,0,0,0,0,0,0,0,0,0,0,0,0,0,0,0,0,0,0,0,0,0,0,0,0,0,0,0,0,0,0,0,0,0,0,0,0,0,0,0,0,0,0,0,0,0,0,0,0,0,0,0,0,0,0,0,0,0,0,0,0,0,0,0,0,0,2,3,0,0,0,0,0,0,0,0,0,0,0,0,0,0,0,0,0,0,0,0,0,0,0,0,1,7,19,27,7,1,0,0,0,0,1,1,0,0,0,0,0,0,0,0,0,0,0,0,0,0,0,2,11,34,76,99,32,7,0,0,1,6,15,16,3,0,0,0,0,0,0,0,0,0,0,0,0,2,8,21,52,95,157,186,76,20,2,0,10,32,64,68,22,7,1,0,0,0,0,0,0,0,0,0,19,65,121,170,220,234,247,248,125,37,6,19,122,174,215,225,154,77,20,2,0,0,0,0,0,0,0,0,33,110,190,229,250,252,254,250,127,37,8,32,190,230,246,250,201,113,32,4,0,0,0,0,0,0,0,1,51,139,218,248,254,254,254,250,127,38,9,37,213,247,253,254,215,125,37,4,0,0,0,0,0,0,0,7,95,177,234,252,254,254,254,250,129,39,10,38,217,250,254,254,217,127,37,4,0,0,0,0,0,0,2,20,159,220,247,254,255,255,254,250,140,51,15,40,217,250,254,254,215,125,37,4,0,0,0,0,0,0,9,50,220,250,254,254,251,252,254,254,209,134,80,104,234,252,254,252,172,82,21,2,0,0,0,0,0,2,21,82,233,252,254,249,228,236,249,254,234,191,159,180,247,254,254,250,139,50,9,0,0,0,0,0,0,4,32,114,245,254,252,236,165,193,236,252,249,236,227,235,253,254,254,245,115,34,4,0,0,0,0,0,0,4,37,125,249,254,250,222,101,148,221,250,254,252,251,252,254,254,252,233,82,21,2,0,0,0,0,0,0,8,49,139,250,253,245,204,53,81,158,218,253,254,254,254,254,249,232,191,33,4,0,0,0,0,0,0,1,16,69,159,251,250,230,170,28,36,91,163,245,253,254,254,251,234,187,126,19,2,0,0,0,0,0,0,1,16,69,158,244,231,195,122,10,9,35,91,218,243,249,250,242,207,131,59,5,0,0,0,0,0,0,0,0,8,49,138,220,177,123,67,3,1,9,35,158,202,215,217,201,154,79,23,0,0,0,0,0,0,0,0,0,5,39,127,184,112,52,21,0,0,1,8,77,113,125,127,113,77,32,7,0,0,0,0,0,0,0,0,0,3,32,106,137,65,16,1,0,0,0,0,2,4,4,4,4,2,0,0,0,0,0,0,0,0,0,0,0,2,18,61,73,30,6,0,0,0,0,0,0,0,0,0,0,0,0,0,0,0,0,0,0,0,0,0,0,0,5,18,19,7,1,0,0,0,0,0,0,0,0,0,0,0,0,0,0,0,0,0,0,0,0,0,0,0,0,2,2,0,0,0,0,0,0,0,0,0,0,0,0,0,0,0,0,0,0,0,0,0,0,0,0,0,0,0,0,0,0,0,0,0,0,0,0,0,0,0,0,0,0,0,0,0,0,0,0,0,0,0,0,0,0,0,0,0,0,0,0,0,0,0,0,0,0,0,0,0,0,0,0,0,0,0,0,0,0,0,0,0,0,0,0,0,0,0,0,0,0,0,0,0,0,0,0,0,0,0,0,0,0,0,0,0
19,0,0,0,0,0,0,0,0,0,0,0,0,0,0,0,0,0,0,0,0,0,0,0,0,0,0,0,0,0,0,0,0,0,0,0,0,0,0,0,0,0,0,0,0,0,0,0,0,0,0,0,0,0,0,0,0,0,0,0,0,0,0,0,0,0,0,0,0,0,0,0,0,0,0,0,0,0,0,0,0,0,0,0,0,0,0,0,0,0,0,0,0,0,0,0,0,0,0,0,0,0,0,0,0,0,0,0,0,0,0,0,0,0,0,0,0,0,0,0,0,0,0,0,0,0,0,0,0,0,0,0,0,0,0,0,0,0,0,0,0,0,0,0,0,0,0,0,0,0,0,0,0,0,0,0,0,0,0,0,0,0,0,0,0,0,0,0,0,0,0,0,0,0,0,0,0,0,0,0,0,0,0,0,0,0,0,0,0,0,0,0,0,0,0,0,0,0,0,0,0,0,0,0,0,2,3,0,0,0,0,0,0,0,0,0,2,4,4,0,0,0,0,0,0,0,0,0,0,0,0,1,22,82,112,34,1,0,0,0,0,0,0,1,50,120,114,32,0,0,0,0,0,0,0,0,0,0,1,35,160,233,244,160,22,0,0,0,0,0,0,0,43,203,242,128,12,0,0,0,0,0,0,0,0,0,22,160,247,254,254,234,95,7,0,0,0,0,0,0,7,91,221,223,124,20,0,0,0,0,0,0,0,20,100,234,247,180,194,252,208,46,0,0,0,0,0,0,0,10,128,245,232,95,7,0,0,0,0,0,10,123,232,252,176,41,129,251,246,114,4,0,0,0,0,0,0,0,34,176,252,208,46,0,0,0,0,3,79,221,255,221,79,5,83,235,251,128,4,0,0,0,0,0,0,0,3,98,240,246,114,4,0,0,0,34,176,253,246,128,10,0,39,217,251,128,4,0,0,0,0,0,0,1,24,135,248,246,114,4,0,0,4,114,245,253,176,34,0,0,21,171,249,142,13,2,0,0,0,0,4,36,160,235,248,196,45,0,0,0,4,126,250,233,84,3,0,0,3,79,219,222,140,65,3,2,5,34,116,178,247,248,165,47,5,0,0,0,2,77,201,155,22,0,0,0,0,9,91,207,242,176,55,83,128,178,238,221,218,191,47,1,0,0,0,0,0,7,32,20,1,0,0,0,0,0,7,48,164,238,219,230,246,242,164,53,38,32,5,0,0,0,0,0,0,0,0,0,0,0,0,0,0,0,0,1,34,114,128,128,128,114,34,1,0,0,0,0,0,0,0,0,0,0,0,0,0,0,0,0,0,0,0,0,0,4,4,4,4,4,0,0,0,0,0,0,0,0,0,0,0,0,0,0,0,0,0,0,0,0,0,0,0,0,0,0,0,0,0,0,0,0,0,0,0,0,0,0,0,0,0,0,0,0,0,0,0,0,0,0,0,0,0,0,0,0,0,0,0,0,0,0,0,0,0,0,0,0,0,0,0,0,0,0,0,0,0,0,0,0,0,0,0,0,0,0,0,0,0,0,0,0,0,0,0,0,0,0,0,0,0,0,0,0,0,0,0,0,0,0,0,0,0,0,0,0,0,0,0,0,0,0,0,0,0,0,0,0,0,0,0,0,0,0,0,0,0,0,0,0,0,0,0,0,0,0,0,0,0,0,0,0,0,0,0,0,0,0,0,0,0,0,0,0,0,0,0,0,0,0,0,0,0,0,0,0,0,0,0,0,0,0,0,0,0,0,0,0,0,0,0,0,0,0,0,0,0,0,0,0,0,0,0,0,0
19,0,0,0,0,0,0,0,0,0,0,0,0,0,0,0,0,0,0,0,0,0,0,0,0,0,0,0,0,0,0,0,0,0,0,0,0,0,0,0,0,0,0,0,0,0,0,0,0,0,0,0,0,0,0,0,0,0,0,0,0,0,0,0,0,0,0,0,0,0,0,0,0,0,0,0,0,0,0,0,0,0,0,0,0,0,0,0,0,0,0,0,0,2,21,36,8,0,0,0,0,0,0,0,0,0,0,0,0,0,0,0,0,0,0,0,0,0,0,0,33,170,233,249,207,47,0,0,0,0,0,0,0,0,0,0,0,0,0,0,0,0,0,0,0,0,0,10,163,251,254,251,252,195,10,0,0,0,0,0,0,2,4,2,0,0,0,0,0,0,0,0,0,0,47,195,253,246,159,54,176,253,159,22,0,0,0,0,0,121,215,158,8,0,0,0,0,0,0,0,0,35,219,252,218,47,3,0,34,232,245,127,0,0,0,0,4,215,254,253,127,1,0,0,0,0,0,0,10,207,250,175,22,0,0,0,0,95,251,220,9,0,0,0,4,217,255,254,244,46,0,0,0,0,0,0,77,247,188,67,0,0,0,0,0,22,232,245,34,0,0,0,4,217,254,253,254,115,0,0,0,0,0,7,177,252,82,2,0,0,0,0,0,0,127,245,159,2,0,0,2,170,181,148,254,220,20,0,0,0,7,95,251,232,21,0,0,0,0,0,0,0,22,172,217,5,0,0,0,32,62,41,250,252,82,2,0,0,32,202,254,171,3,0,0,0,0,0,0,0,5,129,233,21,0,0,0,0,2,32,245,254,125,4,0,0,37,217,251,64,0,0,2,0,0,0,0,0,4,114,250,50,0,0,0,0,0,3,172,254,159,16,0,0,32,203,254,189,127,127,138,14,0,0,0,0,0,34,245,139,0,0,0,0,0,0,127,254,129,5,0,0,4,110,245,254,253,232,78,0,0,0,0,0,0,3,171,220,9,0,0,0,0,2,172,254,114,4,0,0,0,20,127,215,202,95,7,0,0,0,0,0,0,0,84,243,34,0,0,0,0,4,215,251,64,1,0,0,0,0,0,4,4,0,0,0,0,0,0,0,0,0,21,232,128,10,0,0,0,9,222,254,124,4,0,0,0,0,0,0,0,0,0,0,0,0,0,0,0,0,2,172,243,115,0,0,3,83,251,250,50,0,0,0,0,0,0,0,0,0,0,0,0,0,0,0,0,0,0,115,251,172,3,0,22,171,254,233,21,0,0,0,0,0,0,0,0,0,0,0,0,0,0,0,0,0,0,34,245,247,79,3,159,247,254,170,2,0,0,0,0,0,0,0,0,0,0,0,0,0,0,0,0,0,0,3,172,252,234,143,236,254,246,46,0,0,0,0,0,0,0,0,0,0,0,0,0,0,0,0,0,0,0,0,66,186,254,254,254,254,159,3,0,0,0,0,0,0,0,0,0,0,0,0,0,0,0,0,0,0,0,0,4,67,208,251,253,231,47,0,0,0,0,0,0,0,0,0,0,0,0,0,0,0,0,0,0,0,0,0,0,0,8,82,113,34,0,0,0,0,0,0,0,0,0,0,0,0,0,0,0,0,0,0,0,0,0,0,0,0,0,0,0,0,0,0,0,0,0,0,0,0,0,0,0,0,0,0,0,0,0,0,0,0,0,0,0,0,0,0,0,0,0,0,0,0,0,0,0,0,0,0,0,0,0,0,0,0,0,0,0,0,0,0,0,0,0,0,0,0,0,0,0,0,0
19,0,0,0,0,0,0,0,0,0,0,0,0,0,0,0,0,0,0,0,0,0,0,0,0,0,0,0,0,0,0,0,0,0,0,0,0,0,0,0,0,0,0,0,0,0,0,0,0,0,0,0,0,0,0,0,0,0,0,0,0,0,0,0,0,0,0,0,0,0,0,0,0,0,0,0,0,0,0,0,0,0,0,0,0,0,0,0,0,0,0,0,0,0,0,0,0,0,0,0,0,0,0,0,0,4,4,2,0,0,0,0,0,0,0,0,0,0,0,0,0,0,0,0,0,0,0,0,0,0,0,1,7,32,36,20,7,0,0,0,0,0,0,0,0,0,0,0,0,0,0,0,0,0,0,0,0,0,0,20,77,201,214,158,90,7,0,0,0,0,0,0,0,0,0,2,4,4,4,0,0,0,0,0,0,0,0,32,113,241,249,218,158,20,0,0,0,0,0,0,0,0,7,77,113,125,113,32,0,0,0,0,0,0,0,32,109,230,247,250,220,50,0,0,0,0,0,0,0,9,46,206,242,249,242,127,8,0,0,0,0,0,0,5,20,100,178,252,245,114,4,0,0,0,0,0,0,22,83,232,252,255,252,171,21,2,0,0,0,0,0,0,3,53,141,251,249,126,4,0,0,0,0,0,2,82,171,252,254,253,254,220,50,9,0,0,0,0,0,0,0,37,127,250,250,127,4,0,0,0,0,0,4,114,204,253,250,240,248,233,82,21,0,0,0,0,0,0,0,39,129,250,250,127,4,0,0,0,0,0,9,140,222,246,211,128,179,247,139,50,0,0,0,0,0,0,2,82,172,252,245,114,4,0,0,0,0,0,21,172,234,234,174,69,130,243,172,82,2,0,0,0,0,0,4,114,204,252,234,82,2,0,0,0,0,0,37,215,249,216,127,14,50,220,220,139,11,1,0,0,0,0,9,140,222,244,203,34,0,0,0,0,0,0,37,217,249,204,114,8,34,204,233,177,36,9,0,0,0,2,21,172,233,220,159,20,0,0,0,0,0,0,37,216,241,127,46,1,8,127,243,244,164,96,22,7,1,22,63,220,241,128,47,1,0,0,0,0,0,0,39,215,227,83,22,0,3,79,220,246,221,175,79,34,7,68,128,233,231,84,22,0,0,0,0,0,0,2,82,213,170,22,3,0,0,10,123,195,247,250,220,177,131,189,233,243,203,34,4,0,0,0,0,0,0,4,114,212,140,9,0,0,0,3,67,123,221,246,247,234,218,236,248,219,158,20,2,0,0,0,0,0,0,4,127,217,140,9,0,0,0,0,3,10,91,158,215,217,217,215,202,91,35,1,0,0,0,0,0,0,0,4,113,232,199,32,3,0,0,0,0,0,7,20,37,37,37,37,32,7,1,0,0,0,0,0,0,0,0,2,77,197,182,31,3,0,0,0,0,0,0,2,4,4,4,4,4,0,0,0,0,0,0,0,0,0,0,0,7,32,31,5,0,0,0,0,0,0,0,0,0,0,0,0,0,0,0,0,0,0,0,0,0,0,0,0,0,3,3,0,0,0,0,0,0,0,0,0,0,0,0,0,0,0,0,0,0,0,0,0,0,0,0,0,0,0,0,0,0,0,0,0,0,0,0,0,0,0,0,0,0,0,0,0,0,0,0,0,0,0,0,0,0,0,0,0,0,0,0,0,0,0,0,0,0,0,0,0,0,0,0,0,0,0,0,0,0,0,0,0,0,0,0,0,0,0,0,0,0,0,0,0,0,0,0,0,0,0,0,0,0,0,0,0,0
19,0,0,0,0,0,0,0,0,0,0,0,0,0,0,0,0,0,0,0,0,0,0,0,0,0,0,0,0,0,0,0,0,0,0,0,0,0,0,0,0,0,0,0,0,0,0,0,0,0,0,0,0,0,0,0,0,0,0,0,0,0,0,0,0,0,0,0,0,0,0,0,0,0,0,0,0,2,2,0,0,0,0,0,0,0,0,0,0,0,2,3,4,4,4,2,0,0,0,0,0,0,0,0,1,19,18,5,0,0,0,0,0,0,0,0,0,2,63,108,127,127,125,77,8,1,0,0,0,0,0,2,20,149,108,33,0,0,0,0,0,0,0,0,0,9,138,218,250,250,249,218,91,35,1,0,0,0,0,4,37,213,177,100,22,1,0,0,0,0,0,0,0,22,172,233,254,254,254,245,163,90,7,0,0,0,0,4,37,214,222,176,78,7,0,0,0,0,0,0,2,82,232,251,254,253,254,254,243,202,34,0,0,0,0,2,21,170,251,251,201,32,4,0,0,0,0,0,4,114,245,254,250,240,248,254,250,220,50,0,0,0,0,0,8,127,246,253,215,37,4,0,0,0,0,0,9,140,250,254,222,128,168,247,254,245,114,4,0,0,0,0,0,51,222,250,217,37,4,0,0,0,0,4,32,204,254,252,172,32,54,220,254,250,141,11,0,0,0,0,0,37,217,250,222,51,9,0,0,0,0,4,37,215,254,250,140,14,35,204,253,252,177,34,0,0,0,0,0,37,217,250,233,82,21,0,0,0,0,4,37,217,253,245,114,4,9,126,244,253,243,115,4,0,0,0,0,51,222,250,249,125,37,0,0,0,0,9,51,222,250,222,50,0,0,33,164,221,251,172,21,2,0,0,4,114,245,254,250,127,37,0,0,0,0,21,82,233,249,216,38,0,0,9,98,179,251,204,32,4,0,0,5,127,249,254,250,127,37,0,0,0,0,37,125,249,233,172,21,0,0,2,82,172,252,217,39,5,0,2,21,172,252,254,250,127,37,0,0,0,0,37,127,250,216,127,5,0,0,2,80,169,251,233,84,22,0,9,50,220,254,255,250,127,37,0,0,0,0,37,127,249,204,114,4,0,0,0,46,127,245,246,128,47,1,21,82,233,254,254,249,125,37,0,0,0,0,37,127,246,154,64,1,0,0,0,8,46,208,253,221,164,52,69,144,250,254,254,220,77,20,0,0,0,0,37,127,249,204,114,4,0,0,0,0,9,138,248,253,247,222,222,236,254,253,244,127,10,1,0,0,0,0,37,127,250,216,127,5,0,0,0,0,4,110,232,254,254,250,251,252,254,247,220,79,3,0,0,0,0,0,37,125,249,234,177,48,7,1,0,0,0,22,131,242,250,254,254,254,251,206,127,10,0,0,0,0,0,0,32,114,245,247,222,126,30,6,0,0,0,4,79,202,220,245,250,249,232,154,78,3,0,0,0,0,0,0,8,46,206,249,248,209,63,15,0,0,0,0,7,34,50,114,127,125,81,22,7,0,0,0,0,0,0,0,0,7,77,125,125,77,8,1,0,0,0,0,0,0,0,4,4,4,2,0,0,0,0,0,0,0,0,0,0,1,20,37,37,20,1,0,0,0,0,0,0,0,0,0,0,0,0,0,0,0,0,0,0,0,0,0,0,0,0,0,0,0,0,0,0,0,0,0,0,0,0,0,0,0,0,0,0,0,0,0,0,0,0,0,0,0,0,0,0,0,0,0,0,0,0,0,0,0,0,0,0,0,0,0,0,0,0,0,0,0
19,0,0,0,0,0,0,0,0,0,0,0,0,0,0,0,0,0,0,0,0,0,0,0,0,0,0,0,0,0,0,0,0,0,0,0,0,0,0,0,0,0,0,0,0,0,0,0,0,0,0,0,0,0,0,0,0,0,0,0,0,0,0,0,0,0,0,0,0,0,0,0,0,0,0,0,0,0,0,0,0,0,0,0,0,0,0,0,0,0,0,0,0,0,0,0,0,0,0,0,0,0,0,0,0,0,0,0,0,0,0,0,0,0,0,0,0,0,0,0,0,0,0,0,0,0,0,0,0,0,0,0,0,0,0,0,0,0,0,0,0,0,0,0,0,0,0,0,0,0,0,0,0,0,0,0,0,0,0,0,0,0,0,0,0,0,0,0,0,0,0,0,0,0,0,0,0,0,0,0,0,0,0,0,0,0,0,0,2,4,4,2,0,0,0,0,0,0,0,0,0,0,0,0,0,0,0,0,0,0,0,0,0,0,1,15,53,95,97,57,2,0,0,0,0,0,0,0,0,0,0,2,4,4,5,5,4,4,2,0,0,0,1,16,66,135,148,94,7,0,0,0,0,0,0,0,0,0,7,22,35,39,40,40,39,35,22,1,0,0,0,9,50,132,178,144,21,2,0,0,0,0,0,0,0,0,34,82,121,133,133,133,133,121,82,7,0,0,0,5,41,133,211,202,34,4,0,0,0,0,0,0,0,2,83,164,211,212,200,199,210,209,164,25,5,0,0,5,40,136,226,225,39,4,0,0,0,0,0,0,0,4,122,214,240,200,154,149,185,224,212,63,25,7,1,5,42,139,229,229,40,5,0,0,0,0,0,0,0,4,135,228,234,157,76,60,103,168,201,134,84,34,8,11,55,151,234,229,40,5,0,0,0,0,0,0,0,5,137,229,229,139,45,17,37,84,131,188,158,82,25,27,90,186,246,229,40,4,0,0,0,0,0,0,0,5,138,229,227,135,40,6,8,23,51,176,194,122,47,54,136,223,255,219,35,4,0,0,0,0,0,0,0,9,149,228,215,123,35,4,1,3,13,132,187,145,85,100,177,243,248,185,22,2,0,0,0,0,0,0,1,17,169,224,184,90,23,2,0,0,3,82,151,167,150,158,205,250,236,151,10,0,0,0,0,0,0,0,1,17,167,215,160,67,14,1,0,0,0,35,92,154,194,207,227,251,228,136,5,0,0,0,0,0,0,0,0,9,144,207,166,75,18,2,0,0,0,9,37,94,162,203,218,225,199,117,4,0,0,0,0,0,0,0,0,4,116,178,147,68,16,1,0,0,0,1,9,36,82,120,133,134,117,68,2,0,0,0,0,0,0,0,0,0,19,29,21,7,1,0,0,0,0,0,0,0,2,4,4,4,4,2,0,0,0,0,0,0,0,0,0,0,2,3,2,0,0,0,0,0,0,0,0,0,0,0,0,0,0,0,0,0,0,0,0,0,0,0,0,0,0,0,0,0,0,0,0,0,0,0,0,0,0,0,0,0,0,0,0,0,0,0,0,0,0,0,0,0,0,0,0,0,0,0,0,0,0,0,0,0,0,0,0,0,0,0,0,0,0,0,0,0,0,0,0,0,0,0,0,0,0,0,0,0,0,0,0,0,0,0,0,0,0,0,0,0,0,0,0,0,0,0,0,0,0,0,0,0,0,0,0,0,0,0,0,0,0,0,0,0,0,0,0,0,0,0,0,0,0,0,0,0,0,0,0,0,0,0,0,0,0,0,0,0,0,0,0,0,0,0,0,0,0,0,0
19,0,0,0,0,0,0,0,0,0,0,0,0,0,0,0,0,0,0,0,0,0,0,0,0,0,0,0,0,0,0,0,0,0,0,0,0,0,0,0,0,0,0,0,0,0,3,2,0,0,0,0,0,0,0,0,0,0,0,0,0,0,0,0,0,0,0,0,0,0,0,0,0,14,90,51,1,0,0,0,0,0,0,0,0,0,0,0,0,0,0,0,0,0,0,0,0,0,0,0,0,25,166,105,9,0,0,0,0,0,0,0,0,0,0,0,0,0,0,0,0,0,0,0,0,0,0,0,0,37,214,218,77,2,0,0,0,0,0,0,0,0,0,0,0,0,0,0,0,0,0,0,0,0,0,0,0,37,217,250,139,9,0,0,0,0,0,0,0,0,0,0,0,0,0,0,0,0,0,0,0,0,0,0,0,32,203,253,208,46,0,0,0,0,0,0,0,0,0,0,0,0,0,0,0,0,0,0,0,0,0,0,0,9,139,250,245,115,4,0,0,0,0,0,0,0,0,0,0,0,0,0,0,0,0,0,0,0,0,0,0,3,95,238,252,172,21,0,0,0,0,0,0,0,0,0,0,0,0,0,0,0,0,0,0,0,0,0,0,4,115,246,254,220,50,0,0,0,0,0,0,0,0,0,0,0,0,0,0,0,0,0,0,0,0,0,0,4,127,250,254,245,114,4,0,0,0,0,0,0,0,0,0,0,0,0,0,0,0,0,0,0,0,0,0,4,127,250,254,250,141,11,0,0,0,0,0,0,0,0,0,0,0,0,0,0,0,0,0,0,0,0,0,4,114,245,254,254,220,77,2,0,0,0,0,0,0,0,0,0,0,0,0,0,0,0,0,0,0,0,0,0,50,222,254,254,250,139,9,0,0,0,0,0,0,0,0,0,0,0,0,0,0,0,0,0,0,0,0,0,32,204,254,255,254,204,32,0,0,0,0,0,0,0,0,0,0,0,0,0,0,0,0,0,0,0,0,0,9,139,250,254,254,222,50,0,0,0,0,0,0,0,0,0,0,0,0,2,4,5,21,36,21,4,0,0,2,82,233,254,254,245,115,4,0,0,0,0,0,0,0,0,0,0,10,77,125,129,172,213,172,115,46,7,0,39,217,254,254,252,172,21,0,0,0,0,0,0,0,0,7,46,128,220,248,246,247,250,251,245,207,90,9,33,205,254,255,254,215,37,0,0,0,0,0,0,0,8,90,207,245,251,220,141,127,141,221,253,253,219,96,48,186,253,255,254,217,37,0,0,0,0,0,0,2,77,218,253,252,187,79,11,4,11,91,219,253,253,232,191,236,254,255,254,217,37,0,0,0,0,0,0,9,139,250,254,238,98,5,0,0,0,9,90,207,247,254,253,254,254,255,254,203,32,0,0,0,0,0,0,27,188,251,254,246,129,12,2,0,0,0,7,47,163,244,254,254,254,254,248,138,9,0,0,0,0,0,0,7,78,170,216,232,216,118,45,1,0,0,0,1,33,127,221,252,250,243,174,65,2,0,0,0,0,0,0,0,3,21,38,82,123,77,18,0,0,0,0,0,0,10,90,189,140,113,34,3,0,0,0,0,0,0,0,0,0,0,0,2,4,2,0,0,0,0,0,0,0,0,7,27,9,4,0,0,0,0,0,0,0,0,0,0,0,0,0,0,0,0,0,0,0,0,0,0,0,0,0,0,0,0,0,0,0,0,0,0,0,0,0,0,0,0,0,0,0,0,0,0,0,0,0,0,0,0,0,0,0,0,0,0,0,0,0,0
19,0,0,0,0,0,0,0,0,0,0,0,0,0,0,0,0,0,0,0,0,0,0,0,0,0,0,0,0,0,0,0,0,0,0,0,0,0,0,0,0,0,0,0,0,0,0,0,0,0,0,0,0,0,0,0,0,0,0,0,0,0,0,0,0,3,3,0,0,0,0,0,0,0,0,0,0,0,0,0,0,0,0,0,0,0,0,0,0,0,0,0,7,32,32,7,0,0,0,0,0,0,0,0,0,0,0,0,0,0,0,0,0,0,0,0,0,0,0,3,78,199,199,78,3,0,0,0,0,0,0,0,0,0,0,0,0,0,0,0,0,0,0,0,0,0,3,22,171,251,251,170,21,2,0,0,0,0,0,0,2,3,0,0,0,0,0,0,0,0,0,0,0,0,8,46,208,254,254,204,34,4,0,0,0,0,0,8,21,32,8,2,0,0,0,0,0,0,0,0,0,0,32,114,245,254,254,233,82,21,0,0,0,0,13,106,163,202,122,67,3,0,0,0,0,0,0,0,0,0,37,125,249,254,254,245,114,32,0,0,0,0,14,131,198,243,194,123,10,0,0,0,0,0,0,0,0,0,37,127,250,255,254,250,129,39,0,0,0,0,1,35,95,232,247,220,77,2,0,0,0,0,0,0,0,0,39,129,250,255,255,252,172,82,2,0,0,0,0,3,22,171,251,250,139,9,0,0,0,0,0,0,0,0,51,140,250,254,254,254,203,114,4,0,0,0,0,0,8,127,245,251,172,21,2,0,0,0,0,0,0,4,115,204,252,240,241,254,217,129,5,0,0,0,0,0,0,46,208,245,220,50,9,0,0,0,0,0,0,34,177,233,231,132,160,250,233,172,21,0,0,0,0,0,0,9,140,222,245,114,32,0,0,0,0,0,3,79,219,241,195,79,124,245,245,203,32,0,0,0,0,0,0,5,129,217,249,125,37,0,0,0,0,7,34,175,241,207,59,15,51,220,250,217,39,0,0,0,0,0,0,4,127,217,250,127,37,0,0,0,0,32,113,240,175,95,7,2,21,172,250,233,82,2,0,0,0,0,0,4,127,217,250,127,37,0,0,0,0,36,123,236,127,47,1,0,9,140,250,245,115,4,0,0,0,0,0,5,129,217,249,125,37,0,0,0,0,18,63,111,32,7,0,0,4,114,245,251,172,22,0,0,0,0,0,22,173,233,233,82,21,0,0,0,0,0,2,3,0,0,0,0,0,46,208,245,232,100,39,37,37,37,39,100,232,250,202,34,4,0,0,0,0,0,0,0,0,0,0,0,0,22,172,233,247,177,129,127,127,127,129,177,246,245,158,20,2,0,0,0,0,0,0,0,0,0,0,0,0,5,127,216,254,252,250,250,250,250,250,245,207,159,35,1,0,0,0,0,0,0,0,0,0,0,0,0,0,4,113,202,253,254,254,254,254,254,253,220,127,79,8,0,0,0,0,0,0,0,0,0,0,0,0,0,0,0,33,90,202,217,217,217,217,215,202,91,10,3,0,0,0,0,0,0,0,0,0,0,0,0,0,0,0,0,1,7,32,37,37,37,37,37,32,7,0,0,0,0,0,0,0,0,0,0,0,0,0,0,0,0,0,0,0,0,4,4,4,4,4,4,4,0,0,0,0,0,0,0,0,0,0,0,0,0,0,0,0,0,0,0,0,0,0,0,0,0,0,0,0,0,0,0,0,0,0,0,0,0,0,0,0,0,0,0,0,0,0,0,0,0,0,0,0,0,0,0,0,0,0,0,0,0,0,0,0
19,0,0,0,0,0,0,0,0,0,0,0,0,0,0,0,0,0,0,0,0,0,0,0,0,0,0,0,0,0,0,0,0,0,0,0,0,0,0,0,0,0,0,0,0,0,0,0,0,0,0,0,0,0,0,0,0,0,0,0,0,0,0,0,0,0,0,0,0,0,0,0,0,0,0,0,0,0,0,0,0,0,0,0,0,0,0,0,0,0,0,0,0,0,0,0,2,3,2,0,0,0,0,0,0,0,0,0,0,0,0,0,0,0,0,0,0,0,0,0,0,0,0,1,20,32,20,7,0,0,0,0,0,0,0,0,0,0,0,0,0,0,0,0,0,0,0,0,0,0,9,35,158,200,159,95,22,8,0,0,0,0,2,3,3,2,0,0,0,0,0,0,0,0,0,0,0,1,35,91,218,243,220,175,83,45,5,0,0,0,18,32,32,18,0,0,0,0,0,0,0,0,0,0,0,7,91,163,245,251,245,232,170,122,19,2,0,3,65,109,108,63,2,0,0,0,0,0,0,0,0,0,22,59,207,238,209,174,179,222,248,218,50,9,7,34,175,229,200,111,3,0,0,0,0,0,0,0,0,3,67,127,231,231,132,86,103,178,250,233,82,21,22,79,220,245,172,82,2,0,0,0,0,0,0,0,7,34,175,230,219,159,23,5,39,129,250,249,126,40,83,171,250,243,115,34,0,0,0,0,0,0,0,0,22,79,220,245,177,95,7,1,37,127,250,249,126,46,127,208,246,220,77,20,0,0,0,0,0,0,0,7,95,175,246,232,111,33,0,0,37,127,248,233,93,69,209,244,207,127,10,1,0,0,0,0,0,0,2,20,159,220,235,188,66,19,0,0,37,127,246,223,87,105,232,244,159,79,3,0,0,0,0,0,0,0,9,50,220,249,204,116,6,0,0,0,37,127,248,237,196,223,244,209,47,10,0,0,0,0,0,0,0,0,21,82,233,249,170,82,2,0,0,0,37,127,249,249,240,248,233,173,22,3,0,0,0,0,0,0,0,0,50,139,243,220,79,22,0,0,0,0,39,129,250,254,254,253,203,115,4,0,0,0,0,0,0,0,0,2,82,172,232,177,34,7,0,0,0,0,51,140,251,255,253,246,158,77,2,0,0,0,0,0,0,0,0,4,125,215,217,129,5,0,0,0,0,4,114,204,254,254,232,175,36,8,0,0,0,0,0,0,0,0,0,4,127,217,217,127,4,0,0,0,0,4,125,215,254,253,207,127,10,1,0,0,0,0,0,0,0,0,0,4,113,202,221,145,22,5,0,0,0,4,113,201,243,218,91,33,0,0,0,0,0,0,0,0,0,0,0,2,77,158,227,187,66,18,0,0,0,2,77,153,200,158,35,8,0,0,0,0,0,0,0,0,0,0,0,0,33,90,213,221,107,31,0,0,0,0,32,77,112,77,8,1,0,0,0,0,0,0,0,0,0,0,0,0,1,8,77,111,63,18,0,0,0,0,0,2,3,2,0,0,0,0,0,0,0,0,0,0,0,0,0,0,0,1,20,32,18,5,0,0,0,0,0,0,0,0,0,0,0,0,0,0,0,0,0,0,0,0,0,0,0,0,0,0,0,0,0,0,0,0,0,0,0,0,0,0,0,0,0,0,0,0,0,0,0,0,0,0,0,0,0,0,0,0,0,0,0,0,0,0,0,0,0,0,0,0,0,0,0,0,0,0,0,0,0,0,0,0,0,0,0,0,0,0,0,0,0,0,0,0,0,0,0,0,0,0,0,0,0,0,0
19,0,0,0,0,0,0,0,0,0,0,0,0,0,0,0,0,0,0,0,0,0,0,0,0,0,0,0,0,0,0,0,0,0,0,0,0,0,0,0,0,0,0,0,0,0,0,0,0,0,0,0,0,0,0,0,0,0,0,0,0,0,0,0,0,0,0,0,0,0,0,0,0,0,0,0,0,0,0,0,0,0,0,0,0,0,0,0,0,0,0,0,0,0,0,0,0,0,0,0,0,0,0,0,0,0,0,0,0,0,0,0,0,0,0,0,0,0,0,0,0,0,0,0,1,0,0,0,0,0,0,0,0,0,0,0,0,0,0,0,0,0,0,0,0,0,0,0,0,0,4,8,16,8,3,0,0,0,0,0,0,0,0,0,0,0,0,0,0,0,0,0,0,0,0,0,3,8,34,48,68,44,22,2,0,0,0,0,2,3,4,3,2,0,0,0,0,0,0,0,0,0,0,32,78,126,204,219,227,208,170,67,20,3,0,2,63,108,125,108,63,2,0,0,0,0,0,0,0,0,3,78,154,206,245,250,251,245,230,123,47,10,0,4,108,185,213,185,108,3,0,0,0,0,0,0,0,0,8,126,206,242,251,250,252,253,250,175,95,36,1,4,125,213,245,213,125,4,0,0,0,0,0,0,0,10,47,208,245,251,189,148,189,232,250,245,218,159,22,7,127,217,250,217,129,5,0,0,0,0,0,0,0,34,95,232,250,244,132,68,128,195,231,252,244,207,46,13,127,217,250,221,139,8,0,0,0,0,0,0,2,77,159,246,245,218,80,26,67,123,175,247,251,232,82,25,127,217,250,229,160,16,1,0,0,0,0,0,9,139,219,220,164,91,8,1,3,12,48,208,245,249,139,55,130,217,250,238,184,25,3,0,0,0,0,2,21,172,231,177,96,36,1,0,0,3,22,172,233,250,173,93,143,222,250,246,205,33,4,0,0,0,0,4,37,215,245,129,39,5,0,0,0,0,4,115,204,245,236,203,225,247,254,250,217,37,4,0,0,0,0,4,37,216,244,125,37,4,0,0,0,0,2,82,170,232,249,241,248,253,254,249,215,37,4,0,0,0,0,4,37,212,236,113,32,4,0,0,0,0,0,46,127,208,253,253,254,254,254,245,203,32,4,0,0,0,0,2,18,106,111,32,7,0,0,0,0,0,0,8,46,127,246,254,255,254,254,220,139,9,0,0,0,0,0,0,5,31,32,7,1,0,0,0,0,0,0,3,22,83,232,251,254,254,253,202,115,4,0,0,0,0,0,0,0,3,3,0,0,0,0,0,0,0,0,0,8,46,207,244,254,253,245,158,77,2,0,0,0,0,0,0,0,0,0,0,0,0,0,0,0,0,0,0,0,7,90,158,213,202,158,35,8,0,0,0,0,0,0,0,0,0,0,0,0,0,0,0,0,0,0,0,0,1,33,77,124,113,77,8,1,0,0,0,0,0,0,0,0,0,0,0,0,0,0,0,0,0,0,0,0,0,7,20,36,32,20,1,0,0,0,0,0,0,0,0,0,0,0,0,0,0,0,0,0,0,0,0,0,0,0,0,0,0,0,0,0,0,0,0,0,0,0,0,0,0,0,0,0,0,0,0,0,0,0,0,0,0,0,0,0,0,0,0,0,0,0,0,0,0,0,0,0,0,0,0,0,0,0,0,0,0,0,0,0,0,0,0,0,0,0,0,0,0,0,0,0,0,0,0,0,0,0,0,0,0,0,0,0,0,0,0,0,0,0,0,0,0,0,0,0,0,0,0,0
19,0,0,0,0,0,0,0,0,0,0,0,0,0,0,0,0,0,0,0,0,0,0,0,0,0,0,0,0,0,0,0,0,0,0,0,0,0,0,0,0,0,0,0,0,0,0,0,0,0,0,0,0,0,0,0,0,0,0,0,0,0,0,0,0,0,0,0,0,0,0,0,0,0,0,5,32,36,18,5,0,0,0,0,0,0,0,0,0,0,0,0,0,0,0,0,0,0,0,0,0,0,0,18,108,122,65,20,0,0,0,0,0,0,0,0,0,0,0,0,0,0,0,0,0,0,0,0,0,0,0,32,199,238,174,95,7,0,0,0,0,0,0,0,0,0,0,0,4,4,4,0,0,0,0,0,0,0,0,8,126,207,242,202,34,0,0,0,0,0,0,0,0,0,1,7,32,37,32,7,1,0,0,0,0,0,0,3,79,159,242,219,50,0,0,0,0,0,0,0,0,0,22,78,201,215,202,90,33,0,0,0,0,0,0,0,10,47,208,236,115,4,0,0,0,0,0,0,0,0,46,126,242,249,243,159,79,3,0,0,0,0,0,0,3,22,172,229,139,9,0,0,0,0,0,0,0,10,128,208,254,254,254,232,171,22,0,0,0,0,0,0,0,5,129,217,203,32,4,0,0,0,0,0,3,79,220,247,254,254,254,251,232,83,3,0,0,0,0,0,0,4,127,217,217,37,4,0,0,0,0,1,10,127,244,253,254,254,253,254,246,128,10,1,0,0,0,0,0,4,127,217,217,39,5,0,0,0,0,20,77,220,254,254,252,236,207,252,254,220,77,20,0,0,0,0,0,4,127,217,233,82,21,0,0,0,0,37,125,249,254,254,233,175,105,233,252,250,139,50,0,0,0,0,0,5,129,217,249,125,37,0,0,0,0,37,127,250,255,254,222,141,60,220,250,252,172,82,2,0,0,0,1,11,141,222,250,127,37,0,0,0,0,37,127,250,254,254,206,117,25,159,220,253,220,139,11,0,0,0,20,77,220,247,250,127,37,0,0,0,0,37,125,249,254,253,202,140,21,47,128,245,247,220,79,3,0,0,37,125,249,254,250,127,37,0,0,0,0,32,113,243,254,254,233,190,31,23,83,232,253,244,127,10,1,0,37,127,250,254,249,125,37,0,0,0,0,7,33,163,243,249,229,169,21,3,22,171,251,253,220,80,24,5,41,129,250,254,233,82,21,0,0,0,0,0,1,33,113,125,109,65,2,0,3,79,220,247,251,189,145,127,146,191,252,254,204,34,4,0,0,0,0,0,0,7,32,37,32,18,0,0,0,34,175,232,254,236,222,217,222,236,254,252,172,21,2,0,0,0,0,0,0,0,0,0,0,0,0,0,0,3,79,159,245,254,254,254,254,254,254,245,115,4,0,0,0,0,0,0,0,0,0,0,0,0,0,0,0,0,33,90,218,250,252,254,254,254,250,233,84,2,0,0,0,0,0,0,0,0,0,0,0,0,0,0,0,0,1,8,77,139,172,231,231,210,183,185,65,1,0,0,0,0,0,0,0,0,0,0,0,0,0,0,0,0,0,0,2,9,22,80,80,46,26,32,17,0,0,0,0,0,0,0,0,0,0,0,0,0,0,0,0,0,0,0,0,0,3,20,20,8,3,3,2,0,0,0,0,0,0,0,0,0,0,0,0,0,0,0,0,0,0,0,0,0,0,0,0,0,0,0,0,0,0,0,0,0,0,0,0,0,0,0,0,0,0,0,0,0,0,0,0,0,0,0,0,0,0,0,0,0,0,0,0
19,0,0,0,0,0,0,0,0,0,0,0,0,0,0,0,0,0,0,0,0,0,0,0,0,0,0,0,0,0,0,0,0,0,0,0,0,0,0,0,0,0,0,0,0,0,0,0,0,0,0,0,0,0,0,0,0,0,0,0,0,0,0,0,0,0,0,0,0,0,0,0,0,0,0,5,32,36,32,18,0,0,0,0,0,0,0,0,0,0,0,0,0,0,0,0,0,0,0,0,0,0,0,20,109,125,109,65,2,0,0,0,0,0,0,0,0,0,0,0,5,18,36,20,7,0,0,0,0,0,2,81,229,247,229,170,21,0,0,0,0,0,0,0,0,0,0,0,45,121,212,158,90,8,0,0,0,0,4,124,249,254,249,215,37,0,0,0,0,0,0,0,0,0,0,3,83,170,247,218,163,33,0,0,0,0,4,114,245,254,250,217,37,0,0,0,0,0,0,0,0,0,2,21,170,232,254,253,243,115,4,0,0,0,0,50,220,250,250,217,37,0,0,0,0,0,0,0,0,0,5,38,216,249,254,254,252,172,21,2,0,0,0,21,172,233,250,217,37,0,0,0,0,0,0,0,0,0,9,50,222,250,254,254,254,203,32,4,0,0,0,9,140,222,250,217,39,0,0,0,0,0,0,0,0,0,32,114,245,254,255,254,254,217,37,4,0,0,0,4,127,217,251,228,69,1,0,0,0,0,0,0,0,0,37,127,250,254,254,254,254,217,37,4,0,0,0,5,129,217,250,221,49,0,0,0,0,0,0,0,0,0,37,127,250,254,253,254,254,217,39,5,0,0,0,9,140,222,250,217,39,0,0,0,0,0,0,0,0,0,51,140,250,251,207,236,252,233,82,21,0,0,0,32,203,245,249,215,37,0,0,0,0,0,0,0,0,4,114,203,251,233,105,173,232,250,139,50,0,0,0,39,217,250,232,170,21,0,0,0,0,0,0,0,0,4,127,217,250,217,42,84,172,251,204,115,4,0,2,82,233,250,174,85,3,0,0,0,0,0,0,0,0,4,127,217,250,217,38,50,139,250,220,139,12,1,6,116,245,250,154,64,1,0,0,0,0,0,0,0,0,4,127,217,250,217,37,21,82,232,247,222,128,64,86,189,252,253,190,100,3,0,0,0,0,0,0,0,0,4,127,217,245,203,32,3,22,159,247,253,246,227,234,252,253,245,127,46,0,0,0,0,0,0,0,0,0,5,129,217,233,172,21,0,7,95,232,251,254,251,252,254,250,230,83,22,0,0,0,0,0,0,0,0,0,16,160,229,218,130,5,0,0,22,154,206,247,254,254,246,175,123,20,2,0,0,0,0,0,0,0,0,0,25,184,237,233,172,21,0,0,1,22,47,159,215,215,158,36,10,0,0,0,0,0,0,0,0,0,0,0,33,205,245,244,202,32,0,0,0,3,10,77,125,125,77,8,1,0,0,0,0,0,0,0,0,0,0,0,36,213,244,218,158,20,0,0,0,0,0,2,4,4,2,0,0,0,0,0,0,0,0,0,0,0,0,0,18,108,123,77,33,1,0,0,0,0,0,0,0,0,0,0,0,0,0,0,0,0,0,0,0,0,0,0,5,32,36,20,7,0,0,0,0,0,0,0,0,0,0,0,0,0,0,0,0,0,0,0,0,0,0,0,0,0,0,0,0,0,0,0,0,0,0,0,0,0,0,0,0,0,0,0,0,0,0,0,0,0,0,0,0,0,0,0,0,0,0,0,0,0,0,0,0,0,0,0,0,0,0,0,0,0,0,0
19,0,0,0,0,0,0,0,0,0,0,0,0,0,0,0,0,0,0,0,0,0,0,0,0,0,0,0,0,0,0,0,0,0,0,0,0,0,0,0,0,0,0,0,0,0,0,0,0,0,0,0,0,0,0,0,0,0,0,0,0,0,0,0,0,0,0,0,0,0,0,0,0,0,0,0,0,0,0,0,0,0,0,0,0,0,0,0,0,0,0,0,0,0,0,0,0,0,0,0,0,0,0,0,0,0,0,0,0,0,0,0,0,0,0,0,0,0,0,0,0,0,0,0,0,0,0,0,0,0,0,3,2,0,0,0,0,0,0,0,0,0,0,0,0,0,0,0,0,0,0,0,0,0,0,0,0,7,32,112,83,38,32,5,0,0,0,0,0,0,0,0,0,0,0,0,0,0,0,0,0,0,0,0,0,22,79,201,173,127,110,20,0,0,0,0,0,0,0,0,0,0,0,0,0,1,20,37,37,20,1,0,1,63,139,216,233,248,231,95,7,0,0,0,0,0,0,0,0,0,0,0,1,35,159,216,216,155,23,4,0,17,30,39,101,234,252,208,48,1,0,0,0,0,0,0,0,0,0,1,9,92,220,251,251,208,59,22,0,2,3,5,48,210,247,234,95,7,0,0,0,0,0,0,0,0,1,35,92,220,252,252,254,250,192,110,4,0,0,0,9,140,222,255,203,33,4,0,0,0,0,0,0,1,35,164,220,246,178,148,190,253,219,129,5,0,0,0,2,83,173,254,223,51,9,0,0,0,0,0,1,9,92,220,246,220,97,67,134,247,223,141,9,0,0,0,0,50,140,251,235,83,21,0,0,0,0,0,22,79,220,247,222,92,9,9,46,210,246,205,34,0,0,0,0,21,83,235,251,126,37,0,0,0,0,2,82,171,247,197,124,10,0,0,9,128,245,235,97,10,3,0,0,10,53,224,251,126,37,0,0,0,0,9,140,221,222,64,23,0,0,0,0,46,208,244,222,129,84,39,38,65,134,247,235,83,21,0,0,0,0,21,173,234,205,36,6,0,0,0,0,22,160,220,247,210,174,130,128,146,190,253,222,50,9,0,0,0,0,37,216,247,141,9,0,0,0,0,0,1,35,91,208,246,249,251,251,252,253,250,171,21,2,0,0,0,0,37,216,246,128,4,0,0,0,0,0,0,1,7,46,116,140,205,218,217,205,139,65,2,0,0,0,0,0,33,205,242,130,7,0,0,0,0,0,0,0,0,8,34,50,115,128,126,115,50,19,0,0,0,0,0,0,8,127,206,189,79,32,0,0,0,0,0,0,0,0,0,0,4,4,4,4,0,0,0,0,0,0,0,0,0,34,90,200,170,95,3,0,0,0,0,0,0,0,0,0,0,0,0,0,0,0,0,0,0,0,0,0,0,8,34,114,107,62,2,0,0,0,0,0,0,0,0,0,0,0,0,0,0,0,0,0,0,0,0,0,0,0,0,4,4,2,0,0,0,0,0,0,0,0,0,0,0,0,0,0,0,0,0,0,0,0,0,0,0,0,0,0,0,0,0,0,0,0,0,0,0,0,0,0,0,0,0,0,0,0,0,0,0,0,0,0,0,0,0,0,0,0,0,0,0,0,0,0,0,0,0,0,0,0,0,0,0,0,0,0,0,0,0,0,0,0,0,0,0,0,0,0,0,0,0,0,0,0,0,0,0,0,0,0,0,0,0,0,0,0,0,0,0,0,0,0,0,0,0,0,0,0,0,0,0,0,0,0,0,0,0,0,0,0,0,0,0,0
19,0,0,0,0,0,0,0,0,0,0,0,0,0,0,0,0,0,0,0,0,0,0,0,0,0,0,0,0,0,0,0,0,0,0,0,0,0,0,0,0,0,0,0,0,0,0,0,0,0,0,0,0,0,0,0,0,0,0,0,0,0,0,0,0,0,0,0,0,0,0,0,0,0,0,0,0,0,0,0,0,0,0,0,0,0,0,0,0,0,0,0,0,0,0,0,0,0,0,0,0,0,0,2,3,0,0,0,0,0,0,0,0,0,0,0,0,0,0,0,0,0,0,0,0,0,0,0,0,0,1,19,27,8,0,0,0,0,0,0,0,0,0,0,0,0,0,0,0,0,0,0,0,0,0,0,0,0,33,156,188,121,19,0,0,0,0,0,0,0,0,0,0,0,0,0,0,0,0,0,0,0,0,0,0,8,126,244,252,219,63,5,0,0,0,0,0,0,0,0,0,3,4,4,2,0,0,0,0,0,0,0,0,32,203,254,254,249,195,43,8,0,0,0,0,0,0,0,5,32,37,37,18,0,0,0,0,0,0,0,0,36,212,253,254,254,226,70,16,0,0,0,0,0,0,0,33,185,213,213,122,12,5,4,0,0,0,0,0,18,121,209,234,254,238,95,27,0,0,0,0,0,0,7,95,234,252,254,222,141,129,113,33,1,0,0,0,0,9,60,132,246,251,171,83,3,0,0,0,0,0,32,202,253,254,254,254,250,250,243,163,47,5,0,0,0,0,9,50,220,254,227,159,16,0,0,0,0,0,36,213,254,255,254,251,252,253,253,221,123,20,3,0,0,0,4,34,204,253,233,172,22,0,0,0,0,0,21,172,252,254,224,143,172,204,222,248,231,100,53,32,5,0,0,8,127,246,248,222,78,2,0,0,0,0,5,129,250,253,186,30,21,33,69,218,251,234,222,190,47,3,0,0,51,222,254,250,137,8,0,0,0,0,4,114,245,253,216,38,0,0,19,110,177,245,253,247,170,54,5,2,33,205,254,252,172,21,0,0,0,0,2,82,232,251,222,52,1,0,5,33,96,218,243,251,215,84,33,21,30,186,253,252,182,24,0,0,0,0,0,22,172,233,247,159,22,3,0,0,8,77,115,177,229,192,202,172,143,224,254,252,172,21,0,0,0,0,0,4,115,204,253,232,95,34,0,0,0,2,4,36,158,230,250,251,251,254,254,251,160,16,0,0,0,0,0,0,46,126,244,253,202,115,4,0,0,0,0,1,22,83,171,208,247,254,253,244,125,8,0,0,0,0,0,0,22,79,218,253,220,139,9,0,0,0,0,0,3,22,83,128,220,249,243,218,79,3,0,0,0,0,0,0,1,8,90,207,238,205,43,0,0,0,0,0,0,0,3,10,77,125,113,77,8,0,0,0,0,0,0,0,0,0,7,47,145,150,52,1,0,0,0,0,0,0,0,0,2,4,4,2,0,0,0,0,0,0,0,0,0,0,0,1,15,16,2,0,0,0,0,0,0,0,0,0,0,0,0,0,0,0,0,0,0,0,0,0,0,0,0,0,1,1,0,0,0,0,0,0,0,0,0,0,0,0,0,0,0,0,0,0,0,0,0,0,0,0,0,0,0,0,0,0,0,0,0,0,0,0,0,0,0,0,0,0,0,0,0,0,0,0,0,0,0,0,0,0,0,0,0,0,0,0,0,0,0,0,0,0,0,0,0,0,0,0,0,0,0,0,0,0,0,0,0,0,0,0,0,0,0,0,0,0,0,0,0,0,0,0,0,0,0,0,0,0
19,0,0,0,0,0,0,0,0,0,0,0,0,0,0,0,0,0,0,0,0,0,0,0,0,0,0,0,0,0,0,0,0,0,0,0,0,0,0,0,0,0,0,0,0,0,0,0,0,0,0,0,0,0,0,0,0,0,0,0,0,0,0,0,0,0,0,0,0,0,0,0,0,0,0,0,0,0,0,0,0,0,0,0,0,0,0,0,0,0,0,0,0,0,0,0,0,0,0,0,0,0,0,0,0,0,0,0,0,0,0,0,0,0,0,0,0,0,0,0,0,0,0,0,0,0,0,0,0,0,0,0,0,0,0,0,0,0,0,0,0,0,0,0,0,0,0,2,4,4,4,2,0,0,0,0,0,0,0,0,0,0,0,0,0,0,0,0,0,0,0,0,0,0,7,20,37,37,32,20,1,0,0,0,0,0,0,2,4,4,4,2,0,0,0,0,0,0,0,0,0,3,34,77,125,127,113,77,8,1,0,0,0,0,8,21,37,37,32,20,1,0,0,0,0,0,0,0,19,65,174,220,249,250,243,218,95,47,7,1,2,18,121,170,215,217,201,153,20,2,0,0,0,0,0,0,33,110,230,247,254,254,253,246,175,127,33,8,4,31,188,229,249,250,241,202,34,4,0,0,0,0,0,1,69,159,251,254,248,239,248,253,251,244,163,95,21,26,172,233,254,254,252,234,94,32,0,0,0,0,0,1,70,160,251,254,224,191,222,246,254,253,220,170,54,24,140,222,254,255,254,247,147,66,1,0,0,0,0,1,70,160,251,250,142,59,91,159,234,249,252,237,107,42,114,202,253,254,254,253,183,94,3,0,0,0,0,1,70,160,251,250,129,40,34,79,187,234,254,248,160,80,80,159,247,254,254,254,205,115,4,0,0,0,0,1,72,162,251,250,127,37,1,4,79,159,247,253,221,144,36,61,222,251,254,254,217,127,4,0,0,0,0,2,82,172,252,250,129,39,0,0,34,95,232,251,235,189,89,84,223,251,254,254,217,127,4,0,0,0,0,3,101,190,252,252,177,95,7,0,3,22,159,218,252,251,234,227,249,254,254,254,203,114,4,0,0,0,0,2,76,156,245,251,216,155,19,2,0,7,90,163,245,253,252,251,254,254,254,251,170,81,2,0,0,0,0,0,8,35,156,189,137,108,18,2,0,0,9,35,159,207,247,253,254,254,245,218,79,22,0,0,0,0,0,0,1,8,75,100,50,33,5,0,0,0,1,8,79,127,220,243,250,249,218,163,33,7,0,0,0,0,0,0,0,0,2,3,0,0,0,0,0,0,0,0,3,10,77,113,127,125,77,33,1,0,0,0,0,0,0,0,0,0,0,0,0,0,0,0,0,0,0,0,0,1,20,32,37,37,20,7,0,0,0,0,0,0,0,0,0,0,0,0,0,0,0,0,0,0,0,0,0,0,2,4,4,4,2,0,0,0,0,0,0,0,0,0,0,0,0,0,0,0,0,0,0,0,0,0,0,0,0,0,0,0,0,0,0,0,0,0,0,0,0,0,0,0,0,0,0,0,0,0,0,0,0,0,0,0,0,0,0,0,0,0,0,0,0,0,0,0,0,0,0,0,0,0,0,0,0,0,0,0,0,0,0,0,0,0,0,0,0,0,0,0,0,0,0,0,0,0,0,0,0,0,0,0,0,0,0,0,0,0,0,0,0,0,0,0,0,0,0,0,0,0,0,0,0,0,0,0,0,0,0,0,0,0,0,0,0,0,0,0,0,0,0,0,0,0,0,0,0,0,0
19,0,0,0,0,0,0,0,0,0,0,0,0,0,0,0,0,0,0,0,0,0,0,0,0,0,0,0,0,0,0,0,0,0,0,0,0,0,0,0,0,0,0,0,0,0,0,0,0,0,0,0,0,0,0,0,0,0,0,0,0,0,0,0,0,0,0,0,0,0,0,0,0,0,0,0,0,0,0,0,0,0,0,0,0,0,0,0,0,0,0,0,0,0,0,0,0,0,0,0,0,0,0,0,0,0,0,0,0,0,0,0,0,0,0,0,0,0,0,0,0,0,0,0,0,0,0,0,0,0,0,0,0,0,0,0,0,0,0,0,0,0,0,0,0,0,0,0,0,0,0,0,0,0,0,0,0,0,0,4,4,4,4,2,0,0,0,0,0,0,0,0,0,0,0,0,0,0,0,0,0,0,0,0,0,0,5,32,37,37,37,19,5,0,0,0,0,0,0,0,0,0,0,0,3,21,33,37,33,21,2,0,0,0,31,184,214,218,215,123,47,1,0,0,0,0,0,0,0,0,1,34,79,171,205,218,205,171,67,20,0,0,21,171,231,253,254,221,160,20,0,0,0,0,0,0,0,0,7,90,160,233,246,248,244,231,123,47,1,0,8,122,191,235,249,245,204,34,0,0,0,0,0,0,0,4,34,204,245,249,224,144,179,223,221,160,22,3,0,19,34,102,179,251,235,83,2,0,0,0,0,0,0,9,50,221,251,234,177,55,101,177,243,208,48,10,0,2,4,53,142,251,246,115,4,0,0,0,0,0,0,34,116,247,253,174,84,3,22,79,221,241,160,78,2,0,0,38,128,251,251,128,4,0,0,0,0,0,0,50,140,251,251,140,50,0,7,34,176,232,204,116,6,0,0,37,128,251,251,128,4,0,0,0,0,0,4,116,206,253,235,83,21,0,0,3,79,160,228,189,80,9,1,38,128,251,251,128,4,0,0,0,0,0,9,140,222,252,223,51,9,0,0,0,34,91,215,226,160,36,11,42,130,251,251,126,4,0,0,0,0,0,34,206,247,247,205,33,4,0,0,0,1,9,92,164,240,178,142,147,192,251,235,83,2,0,0,0,0,0,50,222,251,235,173,21,2,0,0,0,0,1,36,96,230,233,222,224,237,251,221,50,0,0,0,0,0,3,101,242,255,224,143,10,0,0,0,0,0,0,3,20,111,173,210,246,250,219,159,20,0,0,0,0,0,2,80,233,253,234,171,20,2,0,0,0,0,0,0,5,34,84,128,205,215,159,90,7,0,0,0,0,0,0,22,160,219,218,157,20,2,0,0,0,0,0,0,0,0,3,8,33,36,20,7,0,0,0,0,0,0,0,1,33,76,76,33,1,0,0,0,0,0,0,0,0,0,0,0,0,0,0,0,0,0,0,0,0,0,0,0,7,20,20,7,0,0,0,0,0,0,0,0,0,0,0,0,0,0,0,0,0,0,0,0,0,0,0,0,0,0,0,0,0,0,0,0,0,0,0,0,0,0,0,0,0,0,0,0,0,0,0,0,0,0,0,0,0,0,0,0,0,0,0,0,0,0,0,0,0,0,0,0,0,0,0,0,0,0,0,0,0,0,0,0,0,0,0,0,0,0,0,0,0,0,0,0,0,0,0,0,0,0,0,0,0,0,0,0,0,0,0,0,0,0,0,0,0,0,0,0,0,0,0,0,0,0,0,0,0,0,0,0,0,0,0,0,0,0,0,0,0,0,0,0,0,0,0,0,0,0,0,0,0,0,0,0,0,0,0,0,0,0,0,0
19,0,0,0,0,0,0,0,0,0,0,0,0,0,0,0,0,0,0,0,0,0,0,0,0,0,0,0,0,0,0,0,0,0,0,0,0,0,0,0,0,0,0,0,0,0,0,0,0,0,0,0,0,0,0,0,0,0,0,0,0,0,0,0,0,0,0,0,0,0,0,0,0,0,0,0,0,2,20,27,8,0,0,0,0,0,0,0,0,0,0,0,0,0,0,0,0,0,0,0,0,0,0,0,5,20,80,100,45,5,0,0,0,0,0,0,0,0,0,0,0,0,0,0,0,0,0,0,0,0,0,0,32,109,229,240,190,33,4,0,0,0,0,0,0,0,0,0,0,0,0,0,0,0,0,0,0,0,0,0,37,127,250,254,228,69,16,0,0,0,0,0,0,0,0,0,0,0,0,0,0,0,0,0,0,0,0,0,37,127,250,254,227,68,16,0,0,0,0,0,0,0,0,0,0,0,0,0,0,0,0,0,0,0,0,0,37,127,250,252,173,22,3,0,0,0,0,0,0,0,0,0,0,0,0,0,0,0,0,0,0,0,0,0,51,140,250,250,129,5,0,0,0,0,0,0,0,0,0,0,0,0,0,0,0,0,0,0,0,0,0,2,82,172,252,250,127,4,0,0,0,0,0,0,0,0,0,0,5,18,37,37,37,20,1,0,0,0,0,5,127,216,254,250,127,4,0,0,0,0,0,0,0,0,0,3,47,122,214,217,215,158,35,8,0,0,0,21,172,233,254,249,125,4,0,0,0,0,0,0,0,0,5,20,100,175,248,250,249,218,90,33,0,0,0,32,204,245,254,245,114,4,0,0,0,0,0,0,0,0,45,122,231,246,251,251,252,253,203,115,4,0,0,37,217,250,251,222,51,0,0,0,0,0,0,0,0,8,127,208,246,222,141,141,178,247,234,177,34,0,0,37,217,250,245,204,32,0,0,0,0,0,0,0,0,32,204,244,208,128,12,12,48,209,252,244,127,10,1,39,218,250,222,140,9,0,0,0,0,0,0,0,0,38,216,246,171,83,3,3,22,171,251,251,175,36,12,53,222,250,217,129,5,0,0,0,0,0,0,0,6,94,232,231,84,22,0,0,3,79,220,247,246,177,143,178,247,253,204,114,4,0,0,0,0,0,0,2,21,170,246,216,38,5,0,0,0,10,127,207,253,252,251,252,253,244,126,46,0,0,0,0,0,0,0,3,25,183,242,202,32,4,0,0,0,3,79,159,247,255,254,255,247,220,79,22,0,0,0,0,0,0,0,4,37,213,178,97,7,0,0,0,0,0,10,47,206,249,250,249,206,127,10,1,0,0,0,0,0,0,0,4,37,214,160,71,1,0,0,0,0,0,0,7,77,125,127,125,77,32,0,0,0,0,0,0,0,0,0,4,37,213,157,68,1,0,0,0,0,0,0,1,20,37,37,37,20,7,0,0,0,0,0,0,0,0,0,4,36,192,83,22,0,0,0,0,0,0,0,0,0,0,0,0,0,0,0,0,0,0,0,0,0,0,0,2,18,90,20,2,0,0,0,0,0,0,0,0,0,0,0,0,0,0,0,0,0,0,0,0,0,0,0,0,5,26,5,0,0,0,0,0,0,0,0,0,0,0,0,0,0,0,0,0,0,0,0,0,0,0,0,0,0,0,0,0,0,0,0,0,0,0,0,0,0,0,0,0,0,0,0,0,0,0,0,0,0,0,0,0,0,0,0,0,0,0,0,0,0,0,0,0,0,0,0,0,0,0,0,0,0,0,0,0,0
19,0,0,0,0,0,0,0,0,0,0,0,0,0,0,0,0,0,0,0,0,0,0,0,0,0,0,0,0,0,0,0,0,0,0,0,0,0,0,0,0,0,0,0,0,0,0,0,0,3,4,2,0,0,0,0,0,0,0,0,0,0,0,0,0,0,0,0,0,0,0,0,0,0,0,0,18,108,127,65,2,0,0,0,0,0,0,0,0,0,0,0,0,0,0,0,0,0,0,0,0,0,0,0,31,186,242,170,22,0,0,0,0,0,0,0,0,0,0,0,0,0,0,0,0,0,0,0,0,0,0,0,5,47,177,232,83,3,0,0,0,0,0,0,0,0,0,0,0,0,0,0,0,0,0,0,0,0,0,0,0,2,82,251,204,34,0,0,0,0,0,0,0,0,0,0,0,0,0,0,0,0,0,0,0,0,0,0,0,0,39,250,229,70,1,0,0,0,0,0,0,0,0,0,0,0,1,20,37,18,0,0,0,0,0,0,0,0,32,245,238,94,3,0,0,0,0,0,0,0,0,0,0,1,35,158,213,121,8,0,0,0,0,0,0,0,9,222,249,125,4,0,0,0,0,0,0,0,0,0,0,34,202,253,254,220,50,0,0,0,0,0,0,0,4,215,250,129,5,0,0,0,0,0,0,0,0,0,3,84,233,254,255,245,114,4,0,0,0,0,0,0,2,172,250,172,21,0,0,0,0,0,0,0,0,0,22,171,251,248,250,250,127,4,0,0,0,0,0,0,0,129,250,215,37,0,0,0,0,0,0,0,0,3,83,232,251,180,222,250,127,4,0,0,0,0,0,0,0,127,250,217,37,0,0,0,0,0,0,0,0,21,170,251,232,86,159,243,129,5,0,0,0,0,0,0,0,127,250,217,37,0,0,0,0,0,0,0,0,82,233,246,127,9,39,217,203,32,0,0,0,0,0,0,0,127,248,185,26,0,0,0,0,0,0,0,5,144,250,220,50,0,37,217,221,50,0,0,0,0,0,0,0,127,249,205,33,0,0,0,0,0,0,7,59,232,251,170,21,0,32,204,244,114,4,0,0,0,0,0,0,127,250,217,37,0,0,0,0,0,2,75,206,254,232,83,3,0,9,140,246,129,5,0,0,0,0,0,0,129,250,215,37,0,0,0,0,0,2,81,233,252,173,22,0,0,4,125,247,177,34,0,0,0,0,0,7,177,250,172,21,0,0,0,0,0,3,84,233,245,114,4,0,0,0,46,208,249,139,9,0,0,0,2,82,251,232,82,2,0,0,0,0,0,21,170,251,220,50,0,0,0,0,8,127,245,208,47,0,0,0,11,139,251,171,22,0,0,0,0,0,0,38,216,254,170,21,0,0,0,0,0,46,208,246,164,9,0,3,79,220,232,83,3,0,0,0,0,0,2,82,233,252,84,3,0,0,0,0,0,8,122,232,245,96,39,53,176,251,159,22,0,0,0,0,0,0,21,172,251,220,20,0,0,0,0,0,0,0,4,79,206,251,250,250,252,218,22,0,0,0,0,0,0,0,32,200,241,127,1,0,0,0,0,0,0,0,0,7,47,207,245,245,207,90,1,0,0,0,0,0,0,0,7,76,111,32,0,0,0,0,0,0,0,0,0,0,1,46,114,114,46,7,0,0,0,0,0,0,0,0,0,2,3,0,0,0,0,0,0,0,0,0,0,0,0,0,4,4,0,0,0,0,0,0,0,0,0,0,0,0,0,0,0,0,0,0,0,0,0,0,0,0,0,0,0,0,0,0,0,0,0,0,0,0
19,0,0,0,0,0,0,0,0,0,0,0,0,0,0,0,0,0,0,0,0,0,0,0,0,0,0,0,0,0,0,0,0,0,0,0,0,0,0,0,0,0,0,0,0,0,0,0,0,0,0,0,0,0,0,0,0,0,0,0,0,0,0,0,0,0,0,0,0,0,0,0,0,0,0,2,4,4,4,4,2,0,0,0,0,0,0,0,0,0,0,0,0,0,0,0,0,0,0,0,0,0,32,76,113,127,127,113,77,7,0,0,0,0,0,0,0,0,0,0,0,0,0,0,0,0,0,0,0,2,75,151,201,217,217,201,153,20,2,0,0,0,0,0,0,0,0,0,0,0,0,0,0,0,0,0,0,2,80,168,231,254,254,249,215,37,4,0,0,0,0,0,0,0,0,0,0,1,1,0,0,0,0,0,0,0,46,127,208,254,254,250,217,37,4,0,0,0,0,0,0,0,0,2,4,16,16,3,0,0,0,0,0,0,22,84,172,252,254,250,217,37,4,0,0,0,0,0,0,3,10,77,115,158,157,79,33,8,0,0,0,0,4,34,115,245,254,250,217,37,4,0,0,0,0,0,5,20,47,159,202,228,227,159,90,35,1,0,0,0,2,21,82,233,252,250,217,37,4,0,0,0,0,0,32,109,190,247,253,254,254,245,219,163,33,7,0,0,0,5,39,217,250,250,217,37,4,0,0,0,0,0,37,125,213,254,254,254,254,253,245,218,79,22,0,0,0,4,37,217,250,250,217,37,4,0,0,0,0,0,37,127,217,254,254,254,254,254,254,251,171,83,3,0,0,9,51,222,250,249,215,37,4,0,0,0,0,0,37,127,217,254,254,252,251,254,254,254,208,127,8,0,2,21,82,233,252,245,203,32,4,0,0,0,0,0,37,127,217,254,252,193,164,234,251,254,246,208,47,10,5,38,127,249,254,222,140,9,0,0,0,0,0,0,37,127,217,254,251,149,97,208,244,253,251,232,95,36,10,51,140,250,254,217,129,5,0,0,0,0,0,0,37,127,217,254,250,128,45,95,175,232,254,253,218,159,56,118,204,254,254,217,127,4,0,0,0,0,0,0,37,127,217,254,250,127,39,47,128,208,254,254,244,208,96,148,221,254,254,217,127,4,0,0,0,0,0,0,37,125,215,254,250,129,39,9,50,139,250,254,254,249,228,236,249,254,254,217,127,4,0,0,0,0,0,0,32,114,203,253,250,140,51,5,34,115,243,253,254,254,251,252,254,254,254,217,127,4,0,0,0,0,0,0,9,50,139,250,253,204,115,5,7,33,163,218,251,254,254,254,255,254,254,203,114,4,0,0,0,0,0,0,4,34,115,241,249,217,135,8,2,8,90,159,232,247,254,254,254,254,251,170,81,2,0,0,0,0,0,0,2,20,77,202,219,208,144,15,1,1,33,79,175,220,250,252,254,253,244,126,46,0,0,0,0,0,0,0,0,1,7,34,48,68,42,5,0,0,0,3,34,77,139,172,203,202,158,33,7,0,0,0,0,0,0,0,0,0,0,4,8,16,8,0,0,0,0,0,7,20,50,82,114,113,77,8,1,0,0,0,0,0,0,0,0,0,0,0,0,0,0,0,0,0,0,0,0,0,0,2,4,4,2,0,0,0,0,0,0,0,0,0,0,0,0,0,0,0,0,0,0,0,0,0,0,0,0,0,0,0,0,0,0,0,0,0,0,0,0,0,0,0,0,0,0,0,0,0,0,0,0,0,0,0,0,0,0,0,0,0,0,0,0,0,0
19,0,0,0,0,0,0,0,0,0,0,0,0,0,0,0,0,0,0,0,0,0,0,0,0,0,0,0,0,0,0,0,0,0,0,0,0,0,0,0,0,0,0,0,0,0,0,0,0,0,0,0,0,0,0,0,0,0,0,0,0,0,0,0,0,0,0,0,0,0,0,0,0,0,0,0,0,0,0,0,0,0,0,0,0,0,0,0,0,0,0,0,0,0,0,0,0,0,0,0,0,0,0,0,0,0,0,0,0,0,0,0,0,0,0,0,0,0,0,0,0,0,0,0,0,0,0,0,0,0,0,0,0,0,2,4,2,0,0,0,0,0,0,0,0,0,0,0,0,0,0,0,0,0,0,0,0,0,0,1,20,50,82,124,77,7,0,0,0,0,0,0,0,0,0,0,0,0,0,0,0,0,0,0,0,0,0,7,77,139,172,213,153,20,2,0,0,0,0,0,0,0,0,0,0,0,0,0,0,0,0,0,0,0,0,34,202,250,252,254,220,50,9,0,0,0,0,0,0,0,0,0,0,0,0,0,0,1,0,0,0,0,2,80,233,254,255,254,245,114,32,0,0,0,0,0,0,0,0,0,0,0,0,2,4,16,8,4,0,0,3,100,240,254,254,254,249,125,37,0,0,0,0,0,0,0,0,0,0,2,11,77,115,159,137,115,32,0,0,45,194,247,253,254,250,127,37,0,0,0,0,0,0,0,0,1,8,77,139,220,243,251,250,241,115,4,0,5,47,178,234,254,250,127,37,0,0,0,0,0,0,0,0,8,35,158,220,247,253,254,254,250,139,9,0,0,13,143,222,254,250,127,37,0,0,0,0,0,0,0,3,79,159,245,254,254,254,254,254,254,204,34,4,0,21,172,233,254,250,127,37,0,0,0,0,0,0,1,36,175,232,254,247,222,218,236,254,254,233,82,21,0,38,216,249,254,245,114,32,0,0,0,0,0,7,33,163,246,253,251,176,53,43,146,251,254,250,139,50,3,84,233,252,254,220,50,9,0,0,0,0,0,22,79,218,253,254,246,128,13,10,129,250,254,252,172,84,12,127,246,254,253,202,34,4,0,0,0,0,3,83,171,251,254,253,207,46,1,4,125,247,254,254,232,176,80,209,254,254,232,95,7,0,0,0,0,0,21,170,232,254,252,234,95,7,0,2,65,175,221,253,253,247,227,249,254,251,171,22,0,0,0,0,0,0,32,203,245,254,250,220,52,1,0,0,20,95,164,245,254,254,251,254,253,244,126,8,0,0,0,0,0,0,37,215,249,254,233,172,21,0,0,0,0,9,35,158,215,217,233,249,218,163,33,0,0,0,0,0,0,0,20,153,202,232,201,115,4,0,0,0,0,0,1,20,37,39,82,124,77,33,1,0,0,0,0,0,0,0,7,77,115,170,151,77,2,0,0,0,0,0,0,2,4,5,21,36,20,7,0,0,0,0,0,0,0,0,0,2,4,20,19,7,0,0,0,0,0,0,0,0,0,0,0,0,0,0,0,0,0,0,0,0,0,0,0,0,0,0,0,0,0,0,0,0,0,0,0,0,0,0,0,0,0,0,0,0,0,0,0,0,0,0,0,0,0,0,0,0,0,0,0,0,0,0,0,0,0,0,0,0,0,0,0,0,0,0,0,0,0,0,0,0,0,0,0,0,0,0,0,0,0,0,0,0,0,0,0,0,0,0,0,0,0,0,0,0,0,0,0,0,0,0,0,0,0,0,0,0,0,0,0,0,0,0,0,0,0,0,0,0,0,0,0,0
19,0,0,0,0,0,0,0,0,0,0,0,0,0,0,0,0,0,0,0,0,0,0,0,0,0,0,0,0,0,0,0,0,0,0,0,0,0,0,0,0,0,0,0,0,0,0,0,0,0,0,0,0,0,0,0,0,0,0,0,0,0,0,0,0,0,0,0,0,0,0,0,0,17,36,37,32,5,0,0,0,0,0,0,0,0,0,0,0,0,0,0,0,0,0,0,0,0,0,0,1,63,194,214,191,58,5,0,0,0,0,0,0,0,0,0,0,0,0,0,0,0,0,0,0,0,0,0,0,20,127,234,247,196,45,0,0,0,0,0,0,0,0,0,0,0,0,0,0,0,0,0,0,0,0,0,0,0,23,160,221,246,128,8,0,0,0,0,0,0,0,0,0,0,0,0,0,0,0,0,0,0,0,0,0,0,7,96,178,250,171,21,2,0,0,0,0,0,0,0,0,0,0,0,0,0,0,0,0,0,0,0,0,0,0,39,128,250,216,37,4,0,0,0,0,0,0,0,0,0,0,0,0,0,0,0,0,0,0,0,0,0,0,21,82,234,218,39,5,0,0,0,0,0,0,0,0,0,0,0,0,3,3,0,0,0,0,0,0,0,0,5,39,218,230,71,17,0,0,0,0,0,0,0,0,0,0,5,45,113,113,45,5,0,0,0,0,0,0,4,37,218,238,94,25,0,0,0,0,0,0,0,0,0,0,19,122,203,203,123,20,0,0,0,0,0,0,4,37,218,246,116,33,0,0,0,0,0,0,0,0,0,0,50,219,254,255,231,83,3,0,0,0,0,0,4,37,218,251,127,37,0,0,0,0,0,0,0,0,1,10,128,246,252,253,252,172,22,0,0,0,0,0,4,37,218,251,128,37,0,0,0,0,0,0,0,0,20,77,220,223,160,192,252,233,82,2,0,0,0,0,4,37,218,251,128,37,0,0,0,0,0,0,0,0,32,112,235,128,32,81,221,250,139,9,0,0,0,0,4,37,218,251,128,37,0,0,0,0,0,0,0,0,13,59,147,34,2,11,139,248,209,46,8,0,0,0,9,51,223,250,126,37,0,0,0,0,0,0,0,0,16,62,103,10,0,4,111,233,232,82,21,0,0,0,21,83,234,246,114,32,0,0,0,0,0,0,0,0,4,16,17,0,0,0,22,144,246,140,52,1,0,0,50,139,251,221,50,9,0,0,0,0,0,0,0,0,0,0,0,0,0,0,2,83,233,221,160,22,0,4,114,204,252,173,21,2,0,0,0,0,0,0,0,0,0,0,0,0,0,0,0,34,205,252,233,95,7,11,141,223,250,128,5,0,0,0,0,0,0,0,0,0,0,0,0,0,0,0,0,8,127,245,253,208,50,81,221,248,233,82,2,0,0,0,0,0,0,0,0,0,0,0,0,0,0,0,0,3,79,219,246,233,104,134,245,253,208,46,0,0,0,0,0,0,0,0,0,0,0,0,0,0,0,0,0,0,9,91,164,245,235,237,246,220,91,7,0,0,0,0,0,0,0,0,0,0,0,0,0,0,0,0,0,0,0,9,35,159,216,216,159,91,9,0,0,0,0,0,0,0,0,0,0,0,0,0,0,0,0,0,0,0,0,0,1,20,37,37,20,7,0,0,0,0,0,0,0,0,0,0,0,0,0,0,0,0,0,0,0,0,0,0,0,0,0,0,0,0,0,0,0,0,0,0,0,0,0,0,0,0,0,0,0,0,0,0,0,0,0,0,0,0,0,0,0,0,0,0,0,0,0,0,0,0
19,0,0,0,0,0,0,0,0,0,0,0,0,0,0,0,0,0,0,0,0,0,0,0,0,0,0,0,0,0,0,0,0,0,0,0,0,0,0,0,0,0,0,0,0,0,0,0,0,3,0,0,0,0,0,0,0,0,0,0,0,0,0,0,0,0,0,0,0,0,0,0,0,0,0,0,32,170,78,0,0,0,0,0,0,0,0,0,0,0,0,0,0,0,0,0,0,0,0,0,0,0,0,0,32,201,171,3,0,0,0,0,0,0,0,0,0,0,0,0,0,0,0,0,0,0,0,0,0,0,0,0,5,129,241,34,0,0,0,0,0,0,0,0,0,0,0,0,0,0,0,0,0,0,0,0,0,0,0,0,4,114,243,82,2,0,0,0,0,0,0,0,0,0,0,0,0,0,0,0,0,0,0,0,0,0,0,0,0,35,206,129,5,0,0,0,0,0,0,0,0,0,0,0,0,0,2,4,4,4,0,0,0,0,0,0,0,21,173,173,21,0,0,0,0,0,0,0,0,0,0,0,1,22,159,216,218,216,91,9,0,0,0,0,0,5,129,234,82,0,0,0,0,0,0,0,0,0,0,1,35,159,247,251,251,253,220,91,1,0,0,0,0,4,126,250,126,0,0,0,0,0,0,0,0,0,1,91,220,253,176,53,39,96,246,244,34,0,0,0,0,1,64,250,173,2,0,0,0,0,0,0,0,0,22,219,253,223,67,3,0,9,176,250,84,3,0,0,0,4,114,254,216,4,0,0,0,0,0,0,0,20,159,254,221,79,0,0,0,0,34,177,204,33,0,0,0,4,114,255,218,4,0,0,0,0,0,0,0,37,216,247,128,10,0,0,0,0,4,116,222,51,0,0,0,0,51,251,218,4,0,0,0,0,0,0,0,82,234,205,34,0,0,0,0,0,0,34,241,139,0,0,0,0,37,251,218,4,0,0,0,0,0,0,0,113,245,143,10,0,0,0,0,0,0,9,220,209,8,0,0,0,37,251,218,4,0,0,0,0,0,0,0,34,205,204,32,0,0,0,0,0,0,0,128,242,50,0,0,0,51,251,218,4,0,0,0,0,0,0,0,8,128,217,37,0,0,0,0,0,0,0,51,222,128,8,0,4,114,254,218,4,0,0,0,0,0,0,0,0,20,106,18,0,0,0,0,0,0,0,21,171,221,50,0,4,128,253,173,2,0,0,0,0,0,0,0,0,0,3,0,0,0,0,0,0,0,0,3,84,244,128,0,4,128,251,129,0,0,0,0,0,0,0,0,0,0,0,0,0,0,0,0,0,0,0,0,21,232,221,9,4,128,250,126,0,0,0,0,0,0,0,0,0,0,0,0,0,0,0,0,0,0,0,0,3,172,243,34,5,129,234,82,0,0,0,0,0,0,0,0,0,0,0,0,0,0,0,0,0,0,0,0,0,46,208,128,45,205,216,37,0,0,0,0,0,0,0,0,0,0,0,0,0,0,0,0,0,0,0,0,0,9,139,223,161,236,159,20,0,0,0,0,0,0,0,0,0,0,0,0,0,0,0,0,0,0,0,0,0,0,34,231,252,219,22,0,0,0,0,0,0,0,0,0,0,0,0,0,0,0,0,0,0,0,0,0,0,0,3,111,158,89,1,0,0,0,0,0,0,0,0,0,0,0,0,0,0,0,0,0,0,0,0,0,0,0,0,0,1,0,0,0,0,0,0,0,0,0,0,0,0,0,0,0,0,0,0,0,0,0,0,0,0,0,0,0,0,0,0,0,0,0,0,0
19,0,0,0,0,0,0,0,0,0,0,0,0,0,0,0,0,0,0,0,0,0,0,0,0,0,0,0,0,0,0,0,0,0,0,0,0,0,0,0,0,0,0,0,0,0,0,0,0,0,0,0,0,0,0,0,0,0,0,0,0,0,0,0,0,0,0,0,0,0,0,0,0,0,0,0,0,0,0,0,0,0,0,0,0,0,0,0,0,0,0,0,0,0,0,0,0,0,0,0,0,0,0,0,0,0,0,0,0,0,0,0,0,0,0,0,0,0,0,0,0,0,0,0,0,0,0,0,0,0,2,4,4,4,0,0,0,0,0,0,0,0,0,0,0,0,0,0,0,0,0,0,0,0,0,0,0,2,63,125,127,113,32,0,0,0,0,0,0,0,0,0,0,0,0,0,0,0,0,2,3,0,0,0,0,4,125,245,250,242,131,22,5,0,0,0,0,0,0,0,0,0,0,0,0,4,11,77,112,46,7,1,0,4,125,249,254,254,232,123,47,1,0,0,0,0,0,0,0,0,0,0,7,34,52,159,202,126,33,8,0,4,113,243,253,254,250,175,95,8,0,0,0,0,0,0,0,0,0,8,90,202,220,247,253,244,159,79,3,0,33,163,218,251,254,246,218,79,3,0,0,0,0,0,0,0,3,79,218,253,254,254,255,254,227,157,16,0,1,33,79,176,247,254,251,170,21,0,0,0,0,0,0,7,34,175,251,247,235,236,254,254,221,139,8,0,0,0,3,54,222,254,254,213,36,0,0,0,0,0,0,20,77,220,253,222,180,192,252,254,216,127,5,0,0,0,1,52,222,254,254,203,32,0,0,0,0,0,0,50,139,250,246,128,53,130,250,252,172,82,2,0,0,1,10,128,246,254,246,127,8,0,0,0,0,0,10,128,208,253,208,46,13,127,250,245,115,34,0,0,0,22,79,220,254,250,220,50,0,0,0,0,0,2,77,220,247,245,127,9,5,127,250,222,52,10,0,0,3,83,171,251,254,220,159,20,0,0,0,0,0,4,113,243,253,232,83,3,4,127,250,222,52,10,0,0,12,128,208,254,251,175,95,7,0,0,0,0,0,4,127,250,252,173,22,0,4,127,250,245,115,34,0,20,123,222,247,253,218,79,22,0,0,0,0,0,0,9,140,250,250,129,5,0,4,125,249,252,177,101,41,100,231,254,254,221,91,8,1,0,0,0,0,0,0,32,200,252,249,125,4,0,2,81,232,254,247,234,218,234,253,251,242,127,10,0,0,0,0,0,0,0,0,31,188,244,240,113,4,0,0,46,207,253,254,252,250,252,253,232,206,78,3,0,0,0,0,0,0,0,0,5,45,112,111,32,0,0,0,7,90,218,249,250,250,249,218,95,47,7,0,0,0,0,0,0,0,0,0,0,0,3,3,0,0,0,0,0,8,77,125,127,127,125,77,8,1,0,0,0,0,0,0,0,0,0,0,0,0,0,0,0,0,0,0,0,0,2,4,4,4,4,2,0,0,0,0,0,0,0,0,0,0,0,0,0,0,0,0,0,0,0,0,0,0,0,0,0,0,0,0,0,0,0,0,0,0,0,0,0,0,0,0,0,0,0,0,0,0,0,0,0,0,0,0,0,0,0,0,0,0,0,0,0,0,0,0,0,0,0,0,0,0,0,0,0,0,0,0,0,0,0,0,0,0,0,0,0,0,0,0,0,0,0,0,0,0,0,0,0,0,0,0,0,0,0,0,0,0,0,0,0,0,0,0,0,0,0,0,0,0,0,0,0,0
19,0,0,0,0,0,0,0,0,0,0,0,0,0,0,0,0,0,0,0,0,0,0,0,0,0,0,0,0,0,0,0,0,0,0,0,0,0,0,0,0,0,0,0,0,0,0,0,0,0,2,1,0,0,0,0,0,0,0,0,0,0,0,0,0,0,0,0,0,0,0,0,0,0,0,0,3,44,80,53,2,0,0,0,0,0,0,0,0,0,0,0,0,0,0,0,0,0,0,0,0,0,0,15,140,245,251,203,34,0,0,0,0,0,0,0,0,0,0,0,0,0,0,0,0,0,0,0,0,0,0,8,137,254,254,233,82,0,0,0,0,0,0,0,0,0,0,0,0,0,0,0,0,0,0,0,0,0,0,2,82,252,254,249,127,0,0,0,0,0,0,0,0,0,0,0,0,0,0,0,0,0,0,0,0,0,0,0,34,245,254,252,172,2,0,0,0,0,0,0,0,0,0,0,0,0,0,0,0,0,0,0,0,0,0,0,3,173,252,254,233,21,0,0,0,0,0,0,0,0,0,0,0,0,0,0,0,0,0,0,0,0,0,0,0,127,249,254,249,38,0,0,0,0,0,0,0,0,0,0,0,0,0,0,0,0,0,0,0,0,0,0,0,82,233,254,252,82,2,0,0,0,0,0,0,0,0,0,0,0,0,0,0,0,0,0,0,0,0,0,0,37,215,254,254,129,5,0,0,0,0,0,0,0,0,0,0,0,0,0,0,0,0,0,0,0,0,0,0,21,172,252,254,172,21,0,0,0,0,0,0,0,0,0,6,21,19,5,0,0,0,0,0,0,0,0,0,5,129,250,255,215,37,0,0,0,0,0,0,0,0,20,89,170,152,33,2,0,0,0,0,0,0,0,0,4,127,250,255,215,37,0,0,0,0,0,0,0,33,191,247,254,249,211,154,6,0,0,0,0,0,0,0,9,140,250,254,140,9,0,0,0,0,0,0,7,95,234,254,253,254,254,234,68,4,0,0,0,0,0,0,59,209,254,249,109,4,0,0,0,0,0,0,59,207,253,254,206,223,249,254,186,72,16,2,0,0,0,22,196,249,254,219,22,0,0,0,0,0,0,22,230,254,253,207,27,34,128,232,254,238,194,115,21,21,41,175,254,249,207,63,0,0,0,0,0,0,2,82,251,254,234,95,0,0,22,126,238,252,252,233,173,172,189,246,253,209,90,17,0,0,0,0,0,0,4,125,254,254,204,34,0,0,0,20,126,183,232,251,250,250,250,251,207,90,9,0,0,0,0,0,0,0,4,127,254,250,140,9,0,0,0,0,15,27,83,159,172,172,172,159,46,7,0,0,0,0,0,0,0,0,9,140,254,250,127,4,0,0,0,0,0,0,0,1,2,2,2,1,0,0,0,0,0,0,0,0,0,0,32,204,254,250,127,4,0,0,0,0,0,0,0,0,0,0,0,0,0,0,0,0,0,0,0,0,0,0,37,215,254,250,127,4,0,0,0,0,0,0,0,0,0,0,0,0,0,0,0,0,0,0,0,0,0,0,7,90,227,205,77,2,0,0,0,0,0,0,0,0,0,0,0,0,0,0,0,0,0,0,0,0,0,0,0,7,68,44,7,0,0,0,0,0,0,0,0,0,0,0,0,0,0,0,0,0,0,0,0,0,0,0,0,0,1,0,0,0,0,0,0,0,0,0,0,0,0,0,0,0,0,0,0,0,0,0,0,0,0,0,0,0,0,0,0,0,0,0,0,0,0,0,0,0,0,0,0,0,0,0,0,0,0,0,0,0
19,0,0,0,0,0,0,0,0,0,0,0,0,0,0,0,0,0,0,0,0,0,0,0,0,0,0,0,0,0,0,0,0,0,0,0,0,0,0,0,0,0,0,0,0,0,0,0,0,0,0,0,0,0,0,0,0,0,0,0,0,0,0,0,0,0,0,0,0,0,0,0,2,3,2,0,0,0,0,0,0,0,0,0,0,0,0,0,0,0,0,0,0,0,0,0,0,0,0,32,76,112,81,20,5,0,0,0,0,0,0,0,0,0,0,0,0,0,0,0,0,0,0,0,0,0,3,99,186,243,229,111,33,0,0,0,0,0,0,0,0,0,0,0,0,0,0,0,0,0,0,0,0,0,2,76,157,246,248,139,52,1,0,0,0,0,0,0,0,0,0,0,0,0,0,0,0,0,0,0,0,0,0,10,47,207,243,220,159,20,0,0,0,0,0,0,0,0,0,0,0,0,0,0,0,0,0,0,0,0,0,3,22,159,220,243,202,32,0,0,0,0,0,0,0,0,0,0,0,0,0,0,0,2,3,2,0,0,0,0,1,52,139,246,222,51,0,0,0,0,0,0,0,0,0,0,0,0,0,0,1,20,32,20,7,0,0,0,0,34,116,243,233,84,3,0,0,0,0,0,0,0,0,0,0,0,0,0,22,154,200,158,90,7,0,0,0,9,51,222,248,170,21,2,0,0,0,0,0,0,0,0,0,0,0,2,82,232,251,244,207,47,10,0,0,4,37,217,250,215,37,4,0,0,0,0,0,0,0,0,0,0,0,4,114,245,254,252,232,95,36,1,0,4,37,217,250,217,37,4,0,0,0,0,0,0,0,0,0,0,0,4,127,250,255,254,253,219,163,33,7,4,37,217,250,217,37,4,0,0,0,0,0,0,0,0,0,0,0,5,129,250,254,251,252,246,219,79,23,5,37,217,250,215,37,4,0,0,0,0,0,0,0,0,0,0,2,21,172,250,236,164,192,251,251,187,127,24,41,218,248,185,26,3,0,0,0,0,0,0,0,0,0,0,4,32,204,250,223,97,136,243,251,232,191,45,57,222,249,185,26,3,0,0,0,0,0,0,0,0,0,0,4,37,217,250,217,45,37,131,188,249,236,160,180,247,253,202,32,3,0,0,0,0,0,0,0,0,0,0,4,37,215,250,217,37,5,23,79,219,245,250,250,245,230,122,8,0,0,0,0,0,0,0,0,0,0,0,4,32,204,249,217,37,4,7,33,163,218,244,233,204,170,67,2,0,0,0,0,0,0,0,0,0,0,0,1,14,154,242,204,32,4,0,1,33,77,112,82,34,21,2,0,0,0,0,0,0,0,0,0,0,0,0,2,21,174,232,174,21,2,0,0,7,20,32,21,4,2,0,0,0,0,0,0,0,0,0,0,0,0,0,4,36,212,228,160,16,1,0,0,0,0,0,0,0,0,0,0,0,0,0,0,0,0,0,0,0,0,0,3,32,189,220,156,16,1,0,0,0,0,0,0,0,0,0,0,0,0,0,0,0,0,0,0,0,0,0,0,5,45,96,63,2,0,0,0,0,0,0,0,0,0,0,0,0,0,0,0,0,0,0,0,0,0,0,0,0,0,3,2,0,0,0,0,0,0,0,0,0,0,0,0,0,0,0,0,0,0,0,0,0,0,0,0,0,0,0,0,0,0,0,0,0,0,0,0,0,0,0,0,0,0,0,0,0,0,0,0,0,0,0,0,0,0,0,0,0,0,0,0,0,0,0,0,0,0,0,0,0,0,0,0,0,0
